{"name":"daacd445-e5a4-4977-81a2-6754a3cef160","id":"/providers/Microsoft.Flow/flows/daacd445-e5a4-4977-81a2-6754a3cef160","type":"Microsoft.Flow/flows","properties":{"apiId":"/providers/Microsoft.PowerApps/apis/shared_logicflows","displayName":"Opdracht module 3 - Dataverse","definition":{"metadata":{"workflowEntityId":null,"processAdvisorMetadata":null,"flowclientsuspensionreason":"None","flowclientsuspensiontime":null,"creator":{"id":"a50359f1-3632-48ec-8ff5-e47d273e2735","type":"User","tenantId":"5cbb8887-8040-410b-acc3-b2beec28f71d"},"provisioningMethod":"FromDefinition","failureAlertSubscription":true,"clientLastModifiedTime":"2022-07-05T08:51:22.0933428Z"},"$schema":"https://schema.management.azure.com/providers/Microsoft.Logic/schemas/2016-06-01/workflowdefinition.json#","contentVersion":"1.0.0.0","parameters":{"$connections":{"defaultValue":{},"type":"Object"},"$authentication":{"defaultValue":{},"type":"SecureObject"}},"triggers":{"manual":{"metadata":{"operationMetadataId":"a34bc36b-66c0-4e0c-84a0-25804d63a651"},"type":"Request","kind":"Button","inputs":{"schema":{"type":"object","properties":{},"required":[]}}}},"actions":{"List_rows":{"runAfter":{},"metadata":{"operationMetadataId":"9b84aa89-e03f-45ec-b5c2-90424d24af3c"},"type":"OpenApiConnection","inputs":{"host":{"apiId":"/providers/Microsoft.PowerApps/apis/shared_commondataserviceforapps","connectionName":"shared_commondataserviceforapps","operationId":"ListRecords"},"parameters":{"entityName":"cr1c3_klants"},"authentication":"@parameters('$authentication')"},"description":"We zouden hier al een filter kunnen toepassen. Dat scheelt een apply-to-each en is sneller qua performance. Dit zou uitkomen op:  cr1c3_laatstbesteld gt addDays(utcNow(), -365)"},"Apply_to_each":{"foreach":"@outputs('List_rows')?['body/value']","actions":{"Condition":{"actions":{"Send_an_email_(V2)":{"runAfter":{},"metadata":{"operationMetadataId":"3a791c6d-8156-4f06-80bd-6b4ae4c112e1"},"type":"OpenApiConnection","inputs":{"host":{"apiId":"/providers/Microsoft.PowerApps/apis/shared_office365","connectionName":"shared_office365","operationId":"SendEmailV2"},"parameters":{"emailMessage/To":"@items('Apply_to_each')?['cr1c3_email']","emailMessage/Subject":"U heeft al vrij lang niets besteld","emailMessage/Body":"<p>Pak nu deze 10% korting op uw eerst volgende bestelling!<br>\n<br>\n</p>"},"authentication":{"value":"@json(decodeBase64(triggerOutputs().headers['X-MS-APIM-Tokens']))['$ConnectionKey']","type":"Raw"}}}},"runAfter":{},"expression":{"greater":["@items('Apply_to_each')?['cr1c3_laatstbesteld']","@addDays(utcNow(), -365)"]},"metadata":{"operationMetadataId":"e3bc312b-cfa8-4708-b96c-af438c79a21b"},"type":"If"}},"runAfter":{"List_rows":["Succeeded"]},"metadata":{"operationMetadataId":"28510a2f-2911-43f3-8fe0-7f26ccb30cf2"},"type":"Foreach"}}},"connectionReferences":{"shared_commondataserviceforapps":{"connectionName":"shared-commondataser-a5a751d9-e1f6-419f-be78-f326454dc503","source":"Embedded","id":"/providers/Microsoft.PowerApps/apis/shared_commondataserviceforapps","tier":"NotSpecified"},"shared_office365":{"connectionName":"shared-office365-53e3ccb0-0511-4742-bc75-c2cc2d82e887","source":"Invoker","id":"/providers/Microsoft.PowerApps/apis/shared_office365","tier":"NotSpecified"}},"flowFailureAlertSubscribed":false,"isManaged":false}}