{
  "properties": {
    "connectionReferences": {
      "shared_flowpush": {
        "runtimeSource": "invoker",
        "connection": {
          "connectionReferenceLogicalName": "stj_sharedflowpush_e3345"
        },
        "api": {
          "name": "shared_flowpush"
        }
      },
      "shared_commondataserviceforapps": {
        "runtimeSource": "embedded",
        "connection": {
          "connectionReferenceLogicalName": "lh_sharedcommondataserviceforapps_fc835"
        },
        "api": {
          "name": "shared_commondataserviceforapps"
        }
      }
    },
    "definition": {
      "$schema": "https://schema.management.azure.com/providers/Microsoft.Logic/schemas/2016-06-01/workflowdefinition.json#",
      "contentVersion": "1.0.0.0",
      "parameters": {
        "$connections": {
          "defaultValue": {},
          "type": "Object"
        },
        "$authentication": {
          "defaultValue": {},
          "type": "SecureObject"
        }
      },
      "triggers": {
        "manual": {
          "metadata": {
            "operationMetadataId": "5c7dfcbc-1606-46cd-a9bd-67451044d861"
          },
          "type": "Request",
          "kind": "PowerApp",
          "inputs": {
            "schema": {
              "type": "object",
              "properties": {
                "Sendmeanemailnotification_Subject": {
                  "type": "string",
                  "description": "Notification email subject. This parameter is used as part of \"8B095AAF-5B85-477E-A3CD-6B6CF7A7DA88\"",
                  "x-ms-powerflows-param-ispartial": true
                }
              },
              "required": [
                "Sendmeanemailnotification_Subject"
              ]
            }
          }
        }
      },
      "actions": {
        "Send_me_an_email_notification": {
          "runAfter": {
            "Update_a_row": [
              "Succeeded"
            ]
          },
          "metadata": {
            "operationMetadataId": "79953458-cd2e-44a5-8907-1ece36cd7399"
          },
          "type": "OpenApiConnection",
          "inputs": {
            "host": {
              "connectionName": "shared_flowpush",
              "operationId": "SendEmailNotification",
              "apiId": "/providers/Microsoft.PowerApps/apis/shared_flowpush"
            },
            "parameters": {
              "NotificationEmailDefinition/notificationSubject": "De flow wordt gestart voor recept: @{triggerBody()['Sendmeanemailnotification_Subject']} ",
              "NotificationEmailDefinition/notificationBody": "Succes met bouwen... ;)"
            },
            "authentication": {
              "type": "Raw",
              "value": "@json(decodeBase64(triggerOutputs().headers['X-MS-APIM-Tokens']))['$ConnectionKey']"
            }
          }
        },
        "Update_a_row": {
          "runAfter": {},
          "metadata": {
            "operationMetadataId": "76a6f76b-f544-41f7-b68a-065e79c3113e"
          },
          "type": "OpenApiConnection",
          "inputs": {
            "host": {
              "connectionName": "shared_commondataserviceforapps",
              "operationId": "UpdateRecord",
              "apiId": "/providers/Microsoft.PowerApps/apis/shared_commondataserviceforapps"
            },
            "parameters": {
              "entityName": "zorg_recepts",
              "recordId": "@triggerBody()['Sendmeanemailnotification_Subject']",
              "item/zorg_vervroegdherhaald": true
            },
            "authentication": {
              "type": "Raw",
              "value": "@json(decodeBase64(triggerOutputs().headers['X-MS-APIM-Tokens']))['$ConnectionKey']"
            }
          }
        }
      }
    }
  },
  "schemaVersion": "1.0.0.0"
}