{"name":"0c8222db-5060-4322-a841-0b37df6293bf","id":"/providers/Microsoft.Flow/flows/0c8222db-5060-4322-a841-0b37df6293bf","type":"Microsoft.Flow/flows","properties":{"apiId":"/providers/Microsoft.PowerApps/apis/shared_logicflows","displayName":"Opdracht module 7 - Sharepoint","definition":{"metadata":{"workflowEntityId":null,"processAdvisorMetadata":null,"flowclientsuspensionreason":"None","flowclientsuspensiontime":null,"creator":{"id":"a50359f1-3632-48ec-8ff5-e47d273e2735","type":"User","tenantId":"5cbb8887-8040-410b-acc3-b2beec28f71d"},"provisioningMethod":"FromDefinition","failureAlertSubscription":true,"clientLastModifiedTime":"2022-07-05T09:31:56.1735941Z"},"$schema":"https://schema.management.azure.com/providers/Microsoft.Logic/schemas/2016-06-01/workflowdefinition.json#","contentVersion":"1.0.0.0","parameters":{"$connections":{"defaultValue":{},"type":"Object"},"$authentication":{"defaultValue":{},"type":"SecureObject"}},"triggers":{"When_an_item_is_created":{"recurrence":{"frequency":"Minute","interval":3},"splitOn":"@triggerOutputs()?['body/value']","metadata":{"operationMetadataId":"f2e30e85-a536-492a-b285-3d649f1fbf23"},"type":"OpenApiConnection","inputs":{"host":{"apiId":"/providers/Microsoft.PowerApps/apis/shared_sharepointonline","connectionName":"shared_sharepointonline","operationId":"GetOnNewItems"},"parameters":{"dataset":"https://voorbeeldbedrijfje.sharepoint.com/sites/Opdrachtmodule7-Sharepoint","table":"ea0a8911-e6ed-4547-b1a0-8c9c23667610"},"authentication":"@parameters('$authentication')"}}},"actions":{"Start_and_wait_for_an_approval":{"runAfter":{},"metadata":{"operationMetadataId":"8924357e-3e26-4b96-8039-91d7803d42b6"},"type":"OpenApiConnectionWebhook","inputs":{"host":{"apiId":"/providers/Microsoft.PowerApps/apis/shared_approvals","connectionName":"shared_approvals","operationId":"StartAndWaitForAnApproval"},"parameters":{"approvalType":"BasicAwaitAll","WebhookApprovalCreationInput/title":"Is deze offerte akkoord?","WebhookApprovalCreationInput/assignedTo":"info@stijnjanssen.nl","WebhookApprovalCreationInput/details":"@{triggerOutputs()?['body/Klantnaam']}, @{triggerOutputs()?['body/Productaantal']}, @{triggerOutputs()?['body/Offerteprijs']}","WebhookApprovalCreationInput/enableNotifications":true,"WebhookApprovalCreationInput/enableReassignment":true},"authentication":"@parameters('$authentication')"}},"Condition":{"actions":{"Send_me_a_mobile_notification":{"runAfter":{},"metadata":{"operationMetadataId":"7f606aa2-c1b6-4602-8fd1-8da005ed24e5"},"type":"OpenApiConnection","inputs":{"host":{"apiId":"/providers/Microsoft.PowerApps/apis/shared_flowpush","connectionName":"shared_flowpush","operationId":"SendNotification"},"parameters":{"NotificationDefinition/notificationText":"Je ingediende offerte is akkoord! Voor: @{triggerOutputs()?['body/Klantnaam']}"},"authentication":"@parameters('$authentication')"}}},"runAfter":{"Start_and_wait_for_an_approval":["Succeeded"]},"else":{"actions":{"Send_an_email_(V2)":{"runAfter":{},"metadata":{"operationMetadataId":"7eaabe2d-c16f-4d42-acfa-db1469029996"},"type":"OpenApiConnection","inputs":{"host":{"apiId":"/providers/Microsoft.PowerApps/apis/shared_office365","connectionName":"shared_office365","operationId":"SendEmailV2"},"parameters":{"emailMessage/To":"@triggerOutputs()?['body/Author/Email']","emailMessage/Subject":"Offerte geweigerd door manager","emailMessage/Body":"<p>Helaas, je offerte voor @{triggerOutputs()?['body/Klantnaam']} was toch niet zo goed voor ons, met een lage prijs van @{triggerOutputs()?['body/Productaantal']}@{triggerOutputs()?['body/Offerteprijs']}</p>"},"authentication":"@parameters('$authentication')"}}}},"expression":{"equals":["@outputs('Start_and_wait_for_an_approval')?['body/outcome']","Approve"]},"metadata":{"operationMetadataId":"1443c815-8625-44d3-a28f-8fabd9074130"},"type":"If"}}},"connectionReferences":{"shared_sharepointonline":{"connectionName":"shared-sharepointonl-1811a317-7bf5-423f-97cb-9f2fffedc1d8","source":"Embedded","id":"/providers/Microsoft.PowerApps/apis/shared_sharepointonline","tier":"NotSpecified"},"shared_approvals":{"connectionName":"shared-approvals-99b8561c-fc85-4c2b-8ded-c0c22a45c5d0","source":"Embedded","id":"/providers/Microsoft.PowerApps/apis/shared_approvals","tier":"NotSpecified"},"shared_flowpush":{"connectionName":"shared-flowpush-b896670c-0636-488e-91fc-80d795bcbc11","source":"Embedded","id":"/providers/Microsoft.PowerApps/apis/shared_flowpush","tier":"NotSpecified"},"shared_office365":{"connectionName":"shared-office365-53e3ccb0-0511-4742-bc75-c2cc2d82e887","source":"Embedded","id":"/providers/Microsoft.PowerApps/apis/shared_office365","tier":"NotSpecified"}},"flowFailureAlertSubscribed":false,"isManaged":false}}