{"properties":{"connectionReferences":{"shared_microsoftforms":{"runtimeSource":"embedded","connection":{},"api":{"name":"shared_microsoftforms"}},"shared_flowpush":{"runtimeSource":"embedded","connection":{},"api":{"name":"shared_flowpush"}},"shared_office365":{"runtimeSource":"embedded","connection":{},"api":{"name":"shared_office365"}}},"definition":{"$schema":"https://schema.management.azure.com/providers/Microsoft.Logic/schemas/2016-06-01/workflowdefinition.json#","contentVersion":"1.0.0.0","parameters":{"$connections":{"defaultValue":{},"type":"Object"},"$authentication":{"defaultValue":{},"type":"SecureObject"}},"triggers":{"When_a_new_response_is_submitted":{"splitOn":"@triggerOutputs()?['body/value']","type":"OpenApiConnectionWebhook","inputs":{"host":{"apiId":"/providers/Microsoft.PowerApps/apis/shared_microsoftforms","connectionName":"shared_microsoftforms","operationId":"CreateFormWebhook"},"parameters":{"form_id":"y5mVxo2iYkSLEOVtop4rBdWu4xYZVWNBjrg14mENnXBURDI4VTdDVjdYNUpPQlhRQ1EwMFVONFBNRS4u"},"authentication":"@parameters('$authentication')"}}},"actions":{"Get_response_details":{"runAfter":{},"type":"OpenApiConnection","inputs":{"host":{"apiId":"/providers/Microsoft.PowerApps/apis/shared_microsoftforms","connectionName":"shared_microsoftforms","operationId":"GetFormResponseById"},"parameters":{"form_id":"y5mVxo2iYkSLEOVtop4rBdWu4xYZVWNBjrg14mENnXBURDI4VTdDVjdYNUpPQlhRQ1EwMFVONFBNRS4u","response_id":"@triggerOutputs()?['body/resourceData/responseId']"},"authentication":"@parameters('$authentication')"}},"Send_me_a_mobile_notification":{"runAfter":{"Get_response_details":["Succeeded"]},"type":"OpenApiConnection","inputs":{"host":{"apiId":"/providers/Microsoft.PowerApps/apis/shared_flowpush","connectionName":"shared_flowpush","operationId":"SendNotification"},"parameters":{"NotificationDefinition/notificationText":"Er is een enquete ingevuld","NotificationDefinition/notificationLink/uri":"https://forms.office.com/Pages/DesignPage.aspx?auth_pvr=OrgId&auth_upn=info%40stijnjanssen.nl&lang=en-US&origin=OfficeDotCom&route=Start#Analysis=true&FormId=y5mVxo2iYkSLEOVtop4rBdWu4xYZVWNBjrg14mENnXBURDI4VTdDVjdYNUpPQlhRQ1EwMFVONFBNRS4u","NotificationDefinition/notificationLink/label":"Bekijk responses"},"authentication":"@parameters('$authentication')"}},"Send_an_email_(V2)":{"runAfter":{"Get_response_details":["Succeeded"]},"type":"OpenApiConnection","inputs":{"host":{"apiId":"/providers/Microsoft.PowerApps/apis/shared_office365","connectionName":"shared_office365","operationId":"SendEmailV2"},"parameters":{"emailMessage/To":"info@stijnjanssen.nl","emailMessage/Subject":"Er is een enquete ingevuld","emailMessage/Body":"<p>Link naar de resultaten: <a href=\"https://forms.office.com/Pages/DesignPage.aspx?auth_pvr=OrgId&amp;auth_upn=info%40stijnjanssen.nl&amp;lang=en-US&amp;origin=OfficeDotCom&amp;route=Start#Analysis=true&amp;FormId=y5mVxo2iYkSLEOVtop4rBdWu4xYZVWNBjrg14mENnXBURDI4VTdDVjdYNUpPQlhRQ1EwMFVONFBNRS4u\">hier</a> <br>\n<br>\nUitslagen ook hier:<br>\n\"Wat vind je ervan?\":<br>\n@{outputs('Get_response_details')?['body/r75a093a623734c6b9a46331a7e77ffa7']}<br>\n<br>\n\"En wat is je score?\":<br>\n@{outputs('Get_response_details')?['body/r2dd0ae2578ba4a4bb1e0798a1e32883a']}<br>\n<br>\nIngevuld door: @{outputs('Get_response_details')?['body/responder']}</p>"},"authentication":"@parameters('$authentication')"}}}}},"schemaVersion":"1.0.0.0"}