{"name":"cc41da89-5db4-4e99-9ea5-26dc0103df38","id":"/providers/Microsoft.Flow/flows/cc41da89-5db4-4e99-9ea5-26dc0103df38","type":"Microsoft.Flow/flows","properties":{"apiId":"/providers/Microsoft.PowerApps/apis/shared_logicflows","displayName":"Exercise API antwoord","definition":{"metadata":{"workflowEntityId":null,"processAdvisorMetadata":null,"flowChargedByPaygo":null,"flowclientsuspensionreason":"None","flowclientsuspensiontime":null,"flowclientsuspensionreasondetails":null,"creator":{"id":"16e3aed5-5519-4163-8eb8-35e2610d9d70","type":"User","tenantId":"c69599cb-a28d-4462-8b10-e56da29e2b05"},"provisioningMethod":"FromDefinition","failureAlertSubscription":true,"clientLastModifiedTime":"2023-04-30T13:27:08.5138624Z"},"$schema":"https://schema.management.azure.com/providers/Microsoft.Logic/schemas/2016-06-01/workflowdefinition.json#","contentVersion":"1.0.0.0","parameters":{"$connections":{"defaultValue":{},"type":"Object"},"$authentication":{"defaultValue":{},"type":"SecureObject"}},"triggers":{"manual":{"metadata":{"operationMetadataId":"25934306-ab05-4345-94ea-ef26dba8c1ac"},"type":"Request","kind":"Button","inputs":{"schema":{"type":"object","properties":{"text":{"title":"Spiergroep","type":"string","x-ms-dynamically-added":true,"description":"Geef een spiergroep op","x-ms-content-hint":"TEXT","enum":["abdominals","abductors","biceps","calves","chest","forearms","glutes","hamstrings","lats","lower_back","middle_back","neck","quadriceps","traps","triceps"]}},"required":["text"]},"headersSchema":{"x-ms-user-email-encoded":{"title":"User email","type":"string","format":"byte","x-ms-dynamically-added":false}}}}},"actions":{"HTTP":{"runAfter":{},"metadata":{"operationMetadataId":"13f305e7-a331-41ad-81b0-549db9a7c13a"},"type":"Http","inputs":{"method":"GET","uri":"https://api.api-ninjas.com/v1/exercises?muscle=@{triggerBody()['text']}","headers":{"X-Api-Key":"+5i8O5VRwIcO2rgNeCV5HQ==Nzbj2ERuGmxoSXlY"}}},"Parse_JSON":{"runAfter":{"HTTP":["Succeeded"]},"metadata":{"operationMetadataId":"3418f59f-a4ad-4b51-a558-deee4bb981fe"},"type":"ParseJson","inputs":{"content":"@body('HTTP')","schema":{"type":"array","items":{"type":"object","properties":{"name":{"type":"string"},"type":{"type":"string"},"muscle":{"type":"string"},"equipment":{"type":"string"},"difficulty":{"type":"string"},"instructions":{"type":"string"}},"required":["name","type","muscle","equipment","difficulty","instructions"]}}}},"Condition":{"actions":{"Create_HTML_table":{"runAfter":{},"metadata":{"operationMetadataId":"7b4cf7b8-2299-4a41-9fca-e7697b00a384"},"type":"Table","inputs":{"from":"@body('Parse_JSON')","format":"HTML"}},"Send_an_email_(V2)":{"runAfter":{"Create_HTML_table":["Succeeded"]},"metadata":{"operationMetadataId":"d36f297b-31f4-4584-83e4-f86016a96216"},"type":"OpenApiConnection","inputs":{"host":{"apiId":"/providers/Microsoft.PowerApps/apis/shared_office365","connectionName":"shared_office365","operationId":"SendEmailV2"},"parameters":{"emailMessage/To":"@triggerOutputs()['headers']['x-ms-user-email-encoded']","emailMessage/Subject":"Het sport plan is akkoord!","emailMessage/Body":"<p>Dit is het plan:<br>\n<br>\n@{body('Create_HTML_table')}</p>","emailMessage/Importance":"Normal"},"authentication":{"value":"@json(decodeBase64(triggerOutputs().headers['X-MS-APIM-Tokens']))['$ConnectionKey']","type":"Raw"}}}},"runAfter":{"Start_and_wait_for_an_approval":["Succeeded"]},"expression":{"equals":["@outputs('Start_and_wait_for_an_approval')?['body/outcome']","Approve"]},"metadata":{"operationMetadataId":"a3253cbf-ec9f-4b21-a395-675901f32492"},"type":"If"},"Start_and_wait_for_an_approval":{"runAfter":{"Parse_JSON":["Succeeded"]},"metadata":{"operationMetadataId":"e289f823-14e4-4827-bc76-4b4c5d55de63"},"type":"OpenApiConnectionWebhook","inputs":{"host":{"apiId":"/providers/Microsoft.PowerApps/apis/shared_approvals","connectionName":"shared_approvals","operationId":"StartAndWaitForAnApproval"},"parameters":{"approvalType":"Basic","WebhookApprovalCreationInput/title":"Deze oefeningen ok?","WebhookApprovalCreationInput/assignedTo":"@{triggerOutputs()['headers']['x-ms-user-email-encoded']};","WebhookApprovalCreationInput/details":"@join(body('Parse_JSON'), '\\n')","WebhookApprovalCreationInput/enableNotifications":true,"WebhookApprovalCreationInput/enableReassignment":true},"authentication":{"value":"@json(decodeBase64(triggerOutputs().headers['X-MS-APIM-Tokens']))['$ConnectionKey']","type":"Raw"}}}}},"connectionReferences":{"shared_office365":{"connectionName":"46c2500868264002b318fd53cbcc2334","source":"Invoker","id":"/providers/Microsoft.PowerApps/apis/shared_office365","tier":"NotSpecified"},"shared_approvals":{"connectionName":"shared-approvals-89a2612f-df4b-4e38-bc0f-cce7fcdcc14a","source":"Invoker","id":"/providers/Microsoft.PowerApps/apis/shared_approvals","tier":"NotSpecified"}},"flowFailureAlertSubscribed":false,"isManaged":false}}