{"name":"c857a517-68da-457d-b9fd-20630c3049ff","id":"/providers/Microsoft.Flow/flows/c857a517-68da-457d-b9fd-20630c3049ff","type":"Microsoft.Flow/flows","properties":{"apiId":"/providers/Microsoft.PowerApps/apis/shared_logicflows","displayName":"Opdracht modulde 5 - Forms","definition":{"metadata":{"workflowEntityId":null,"processAdvisorMetadata":null,"flowclientsuspensionreason":"None","flowclientsuspensiontime":null,"creator":{"id":"a50359f1-3632-48ec-8ff5-e47d273e2735","type":"User","tenantId":"5cbb8887-8040-410b-acc3-b2beec28f71d"},"provisioningMethod":"FromDefinition","failureAlertSubscription":true,"clientLastModifiedTime":"2022-07-05T09:01:39.7921342Z"},"$schema":"https://schema.management.azure.com/providers/Microsoft.Logic/schemas/2016-06-01/workflowdefinition.json#","contentVersion":"1.0.0.0","parameters":{"$connections":{"defaultValue":{},"type":"Object"},"$authentication":{"defaultValue":{},"type":"SecureObject"}},"triggers":{"When_a_new_response_is_submitted":{"splitOn":"@triggerOutputs()?['body/value']","metadata":{"operationMetadataId":"da9ca511-bad4-43d4-ac1f-c7fc5c0d1bf0"},"type":"OpenApiConnectionWebhook","inputs":{"host":{"apiId":"/providers/Microsoft.PowerApps/apis/shared_microsoftforms","connectionName":"shared_microsoftforms","operationId":"CreateFormWebhook"},"parameters":{"form_id":"h4i7XECAC0Gsw7K-7Cj3HfFZA6UyNuxIj_XkfSc-JzVUMzNCQks1TFA5MEtLMzAzMkQ5UEU4WklRNy4u"},"authentication":"@parameters('$authentication')"}}},"actions":{"Get_response_details":{"runAfter":{},"metadata":{"operationMetadataId":"63c4742e-d474-4d8e-ad36-d5118082a73a"},"type":"OpenApiConnection","inputs":{"host":{"apiId":"/providers/Microsoft.PowerApps/apis/shared_microsoftforms","connectionName":"shared_microsoftforms","operationId":"GetFormResponseById"},"parameters":{"form_id":"h4i7XECAC0Gsw7K-7Cj3HfFZA6UyNuxIj_XkfSc-JzVUMzNCQks1TFA5MEtLMzAzMkQ5UEU4WklRNy4u","response_id":"@triggerOutputs()?['body/resourceData/responseId']"},"authentication":"@parameters('$authentication')"}},"Send_me_a_mobile_notification":{"runAfter":{"Get_response_details":["Succeeded"]},"metadata":{"operationMetadataId":"5c945176-736a-47d5-a2fc-1a1bd402b1e3"},"type":"OpenApiConnection","inputs":{"host":{"apiId":"/providers/Microsoft.PowerApps/apis/shared_flowpush","connectionName":"shared_flowpush","operationId":"SendNotification"},"parameters":{"NotificationDefinition/notificationText":"Er is een antwoord binnen gekomen: @{outputs('Get_response_details')?['body/r29e865850ed14cab90141b8f8d71fc5d']}. Met als rating: @{outputs('Get_response_details')?['body/r7d476e755f0c473dbdf57a455c0950ba']}"},"authentication":"@parameters('$authentication')"}},"Send_an_email_(V2)":{"runAfter":{"Get_response_details":["Succeeded"]},"metadata":{"operationMetadataId":"e33be8ec-017e-4932-aed7-8cb2d4e8c7be"},"type":"OpenApiConnection","inputs":{"host":{"apiId":"/providers/Microsoft.PowerApps/apis/shared_office365","connectionName":"shared_office365","operationId":"SendEmailV2"},"parameters":{"emailMessage/To":"info@stijnjanssen.nl","emailMessage/Subject":"Er is een enquete ingevuld!","emailMessage/Body":"<p>@{outputs('Get_response_details')?['body/r29e865850ed14cab90141b8f8d71fc5d']}<br>\n@{outputs('Get_response_details')?['body/r7d476e755f0c473dbdf57a455c0950ba']}</p>"},"authentication":"@parameters('$authentication')"}}}},"connectionReferences":{"shared_microsoftforms":{"connectionName":"shared-microsoftform-f4a60c5e-4349-4f24-9498-f0b1a1219bdd","source":"Embedded","id":"/providers/Microsoft.PowerApps/apis/shared_microsoftforms","tier":"NotSpecified"},"shared_flowpush":{"connectionName":"shared-flowpush-b896670c-0636-488e-91fc-80d795bcbc11","source":"Embedded","id":"/providers/Microsoft.PowerApps/apis/shared_flowpush","tier":"NotSpecified"},"shared_office365":{"connectionName":"shared-office365-53e3ccb0-0511-4742-bc75-c2cc2d82e887","source":"Embedded","id":"/providers/Microsoft.PowerApps/apis/shared_office365","tier":"NotSpecified"}},"flowFailureAlertSubscribed":false,"isManaged":false}}