<ImportExportXml version="9.2.22092.188" SolutionPackageVersion="9.2" languagecode="1033" generatedBy="CrmLive" xmlns:xsi="http://www.w3.org/2001/XMLSchema-instance">
  <SolutionManifest>
    <UniqueName>Herhaalrecepten</UniqueName>
    <LocalizedNames>
      <LocalizedName description="Herhaalrecepten" languagecode="1033" />
    </LocalizedNames>
    <Descriptions />
    <Version>1.0.0.1</Version>
    <Managed>0</Managed>
    <Publisher>
      <UniqueName>Zorgoplossing</UniqueName>
      <LocalizedNames>
        <LocalizedName description="Zorgoplossing" languagecode="1033" />
      </LocalizedNames>
      <Descriptions />
      <EMailAddress xsi:nil="true"></EMailAddress>
      <SupportingWebsiteUrl xsi:nil="true"></SupportingWebsiteUrl>
      <CustomizationPrefix>zorg</CustomizationPrefix>
      <CustomizationOptionValuePrefix>69722</CustomizationOptionValuePrefix>
      <Addresses>
        <Address>
          <AddressNumber>1</AddressNumber>
          <AddressTypeCode>1</AddressTypeCode>
          <City xsi:nil="true"></City>
          <County xsi:nil="true"></County>
          <Country xsi:nil="true"></Country>
          <Fax xsi:nil="true"></Fax>
          <FreightTermsCode xsi:nil="true"></FreightTermsCode>
          <ImportSequenceNumber xsi:nil="true"></ImportSequenceNumber>
          <Latitude xsi:nil="true"></Latitude>
          <Line1 xsi:nil="true"></Line1>
          <Line2 xsi:nil="true"></Line2>
          <Line3 xsi:nil="true"></Line3>
          <Longitude xsi:nil="true"></Longitude>
          <Name xsi:nil="true"></Name>
          <PostalCode xsi:nil="true"></PostalCode>
          <PostOfficeBox xsi:nil="true"></PostOfficeBox>
          <PrimaryContactName xsi:nil="true"></PrimaryContactName>
          <ShippingMethodCode>1</ShippingMethodCode>
          <StateOrProvince xsi:nil="true"></StateOrProvince>
          <Telephone1 xsi:nil="true"></Telephone1>
          <Telephone2 xsi:nil="true"></Telephone2>
          <Telephone3 xsi:nil="true"></Telephone3>
          <TimeZoneRuleVersionNumber xsi:nil="true"></TimeZoneRuleVersionNumber>
          <UPSZone xsi:nil="true"></UPSZone>
          <UTCOffset xsi:nil="true"></UTCOffset>
          <UTCConversionTimeZoneCode xsi:nil="true"></UTCConversionTimeZoneCode>
        </Address>
        <Address>
          <AddressNumber>2</AddressNumber>
          <AddressTypeCode>1</AddressTypeCode>
          <City xsi:nil="true"></City>
          <County xsi:nil="true"></County>
          <Country xsi:nil="true"></Country>
          <Fax xsi:nil="true"></Fax>
          <FreightTermsCode xsi:nil="true"></FreightTermsCode>
          <ImportSequenceNumber xsi:nil="true"></ImportSequenceNumber>
          <Latitude xsi:nil="true"></Latitude>
          <Line1 xsi:nil="true"></Line1>
          <Line2 xsi:nil="true"></Line2>
          <Line3 xsi:nil="true"></Line3>
          <Longitude xsi:nil="true"></Longitude>
          <Name xsi:nil="true"></Name>
          <PostalCode xsi:nil="true"></PostalCode>
          <PostOfficeBox xsi:nil="true"></PostOfficeBox>
          <PrimaryContactName xsi:nil="true"></PrimaryContactName>
          <ShippingMethodCode>1</ShippingMethodCode>
          <StateOrProvince xsi:nil="true"></StateOrProvince>
          <Telephone1 xsi:nil="true"></Telephone1>
          <Telephone2 xsi:nil="true"></Telephone2>
          <Telephone3 xsi:nil="true"></Telephone3>
          <TimeZoneRuleVersionNumber xsi:nil="true"></TimeZoneRuleVersionNumber>
          <UPSZone xsi:nil="true"></UPSZone>
          <UTCOffset xsi:nil="true"></UTCOffset>
          <UTCConversionTimeZoneCode xsi:nil="true"></UTCConversionTimeZoneCode>
        </Address>
      </Addresses>
    </Publisher>
    <RootComponents>
      <RootComponent type="1" schemaName="zorg_apotheek" behavior="0" />
      <RootComponent type="1" schemaName="zorg_contraindicatie" behavior="0" />
      <RootComponent type="1" schemaName="zorg_huisarts" behavior="0" />
      <RootComponent type="1" schemaName="zorg_klant" behavior="0" />
      <RootComponent type="1" schemaName="zorg_medicijn" behavior="0" />
      <RootComponent type="1" schemaName="zorg_recept" behavior="0" />
      <RootComponent type="9" schemaName="zorg_bijwerkingen" behavior="0" />
      <RootComponent type="9" schemaName="zorg_periodes" behavior="0" />
      <RootComponent type="9" schemaName="zorg_soortverpakking" behavior="0" />
      <RootComponent type="29" id="{327aed0c-9648-ed11-bba2-0022489fd688}" behavior="0" />
      <RootComponent type="300" schemaName="zorg_herhaalaanvraag_fc5ec" behavior="0" />
      <RootComponent type="300" schemaName="zorg_receptenbeheer_b7dea" behavior="0" />
    </RootComponents>
    <MissingDependencies>
      <MissingDependency>
        <Required type="connectionreference" displayName="lh_sharedcommondataserviceforapps_fc835" solution="Active" id.connectionreferencelogicalname="lh_sharedcommondataserviceforapps_fc835" />
        <Dependent type="29" displayName="Aanvraag controle" id="{327aed0c-9648-ed11-bba2-0022489fd688}" />
      </MissingDependency>
      <MissingDependency>
        <Required type="connectionreference" displayName="stj_sharedflowpush_e3345" solution="Active" id.connectionreferencelogicalname="stj_sharedflowpush_e3345" />
        <Dependent type="29" displayName="Aanvraag controle" id="{327aed0c-9648-ed11-bba2-0022489fd688}" />
      </MissingDependency>
    </MissingDependencies>
  </SolutionManifest>
</ImportExportXml>