{"name":"403d16f3-f5ff-46f8-8c85-af1787001c1b","id":"/providers/Microsoft.Flow/flows/403d16f3-f5ff-46f8-8c85-af1787001c1b","type":"Microsoft.Flow/flows","properties":{"apiId":"/providers/Microsoft.PowerApps/apis/shared_logicflows","displayName":"Opdracht Module 5","definition":{"metadata":{"workflowEntityId":null,"processAdvisorMetadata":null,"flowclientsuspensionreason":"None","flowclientsuspensiontime":null,"creator":{"id":"16e3aed5-5519-4163-8eb8-35e2610d9d70","type":"User","tenantId":"c69599cb-a28d-4462-8b10-e56da29e2b05"},"provisioningMethod":"FromDefinition","failureAlertSubscription":true,"clientLastModifiedTime":"2021-10-14T08:51:29.5911289Z"},"$schema":"https://schema.management.azure.com/providers/Microsoft.Logic/schemas/2016-06-01/workflowdefinition.json#","contentVersion":"1.0.0.0","parameters":{"$connections":{"defaultValue":{},"type":"Object"},"$authentication":{"defaultValue":{},"type":"SecureObject"}},"triggers":{"When_a_new_response_is_submitted":{"splitOn":"@triggerOutputs()?['body/value']","type":"OpenApiConnectionWebhook","inputs":{"host":{"apiId":"/providers/Microsoft.PowerApps/apis/shared_microsoftforms","connectionName":"shared_microsoftforms","operationId":"CreateFormWebhook"},"parameters":{"form_id":"y5mVxo2iYkSLEOVtop4rBdWu4xYZVWNBjrg14mENnXBURDI4VTdDVjdYNUpPQlhRQ1EwMFVONFBNRS4u"},"authentication":"@parameters('$authentication')"}}},"actions":{"Get_response_details":{"runAfter":{},"type":"OpenApiConnection","inputs":{"host":{"apiId":"/providers/Microsoft.PowerApps/apis/shared_microsoftforms","connectionName":"shared_microsoftforms","operationId":"GetFormResponseById"},"parameters":{"form_id":"y5mVxo2iYkSLEOVtop4rBdWu4xYZVWNBjrg14mENnXBURDI4VTdDVjdYNUpPQlhRQ1EwMFVONFBNRS4u","response_id":"@triggerOutputs()?['body/resourceData/responseId']"},"authentication":"@parameters('$authentication')"}},"Send_me_a_mobile_notification":{"runAfter":{"Get_response_details":["Succeeded"]},"type":"OpenApiConnection","inputs":{"host":{"apiId":"/providers/Microsoft.PowerApps/apis/shared_flowpush","connectionName":"shared_flowpush","operationId":"SendNotification"},"parameters":{"NotificationDefinition/notificationText":"Er is een enquete ingevuld","NotificationDefinition/notificationLink/uri":"https://forms.office.com/Pages/DesignPage.aspx?auth_pvr=OrgId&auth_upn=info%40stijnjanssen.nl&lang=en-US&origin=OfficeDotCom&route=Start#Analysis=true&FormId=y5mVxo2iYkSLEOVtop4rBdWu4xYZVWNBjrg14mENnXBURDI4VTdDVjdYNUpPQlhRQ1EwMFVONFBNRS4u","NotificationDefinition/notificationLink/label":"Bekijk responses"},"authentication":"@parameters('$authentication')"}},"Send_an_email_(V2)":{"runAfter":{"Get_response_details":["Succeeded"]},"type":"OpenApiConnection","inputs":{"host":{"apiId":"/providers/Microsoft.PowerApps/apis/shared_office365","connectionName":"shared_office365","operationId":"SendEmailV2"},"parameters":{"emailMessage/To":"info@stijnjanssen.nl","emailMessage/Subject":"Er is een enquete ingevuld","emailMessage/Body":"<p>Link naar de resultaten: <a href=\"https://forms.office.com/Pages/DesignPage.aspx?auth_pvr=OrgId&amp;auth_upn=info%40stijnjanssen.nl&amp;lang=en-US&amp;origin=OfficeDotCom&amp;route=Start#Analysis=true&amp;FormId=y5mVxo2iYkSLEOVtop4rBdWu4xYZVWNBjrg14mENnXBURDI4VTdDVjdYNUpPQlhRQ1EwMFVONFBNRS4u\">hier</a> <br>\n<br>\nUitslagen ook hier:<br>\n\"Wat vind je ervan?\":<br>\n@{outputs('Get_response_details')?['body/r75a093a623734c6b9a46331a7e77ffa7']}<br>\n<br>\n\"En wat is je score?\":<br>\n@{outputs('Get_response_details')?['body/r2dd0ae2578ba4a4bb1e0798a1e32883a']}<br>\n<br>\nIngevuld door: @{outputs('Get_response_details')?['body/responder']}</p>"},"authentication":"@parameters('$authentication')"}}}},"connectionReferences":{"shared_microsoftforms":{"connectionName":"shared-microsoftform-b6d3cabe-ed81-45dd-9a88-1a6e-234eaea1","source":"Embedded","id":"/providers/Microsoft.PowerApps/apis/shared_microsoftforms","tier":"NotSpecified"},"shared_flowpush":{"connectionName":"shared-flowpush-3bd2dd02-2f5f-495c-a822-f04a-cf7199fe","source":"Embedded","id":"/providers/Microsoft.PowerApps/apis/shared_flowpush","tier":"NotSpecified"},"shared_office365":{"connectionName":"shared-office365-f682c134-fb08-48eb-9cb3-be93272142be","source":"Embedded","id":"/providers/Microsoft.PowerApps/apis/shared_office365","tier":"NotSpecified"}},"flowFailureAlertSubscribed":false}}