{"name":"1a72239c-aeb9-4b71-8548-b54b79d7d565","id":"/providers/Microsoft.Flow/flows/1a72239c-aeb9-4b71-8548-b54b79d7d565","type":"Microsoft.Flow/flows","properties":{"apiId":"/providers/Microsoft.PowerApps/apis/shared_logicflows","displayName":"Opdracht module 3 - Teams","definition":{"metadata":{"workflowEntityId":null,"processAdvisorMetadata":null,"flowclientsuspensionreason":"None","flowclientsuspensiontime":null,"creator":{"id":"a50359f1-3632-48ec-8ff5-e47d273e2735","type":"User","tenantId":"5cbb8887-8040-410b-acc3-b2beec28f71d"},"provisioningMethod":"FromDefinition","failureAlertSubscription":true,"clientLastModifiedTime":"2022-07-05T08:06:37.4574858Z"},"$schema":"https://schema.management.azure.com/providers/Microsoft.Logic/schemas/2016-06-01/workflowdefinition.json#","contentVersion":"1.0.0.0","parameters":{"$connections":{"defaultValue":{},"type":"Object"},"$authentication":{"defaultValue":{},"type":"SecureObject"}},"triggers":{"When_a_new_channel_message_is_added":{"recurrence":{"frequency":"Minute","interval":3},"splitOn":"@triggerOutputs()?['body']","metadata":{"operationMetadataId":"56bc9b1f-b9ab-4a86-88ad-5c0ecccd159c"},"type":"OpenApiConnection","inputs":{"host":{"apiId":"/providers/Microsoft.PowerApps/apis/shared_teams","connectionName":"shared_teams","operationId":"OnNewChannelMessage"},"parameters":{"groupId":"98fc09c2-0aea-4025-b8bb-06e60e563481","channelId":"19:JxfbDt8B4BzzMcYglzcZAn4q-rCtNzgWmzJSKAyuI9s1@thread.tacv2"},"authentication":"@parameters('$authentication')"}}},"actions":{"Condition":{"actions":{"Send_an_email_(V2)":{"runAfter":{},"metadata":{"operationMetadataId":"8c783067-46f7-4bd0-acf0-70f92034f554"},"type":"OpenApiConnection","inputs":{"host":{"apiId":"/providers/Microsoft.PowerApps/apis/shared_office365","connectionName":"shared_office365","operationId":"SendEmailV2"},"parameters":{"emailMessage/To":"VoorbeeldAccount@voorbeeldbedrijfje.onmicrosoft.com","emailMessage/Subject":"Gebruiker @{triggerOutputs()?['body/from/user/displayName']} is binnenkort afwezig","emailMessage/Body":"<p>Hij/zij zegt: @{triggerOutputs()?['body/body/content']}</p>"},"authentication":"@parameters('$authentication')"}}},"runAfter":{},"expression":{"contains":["@triggerOutputs()?['body/body/content']","afwezig"]},"metadata":{"operationMetadataId":"3de60736-b249-457f-be96-e39212f2c5ae"},"type":"If"}}},"connectionReferences":{"shared_office365":{"connectionName":"shared-office365-53e3ccb0-0511-4742-bc75-c2cc2d82e887","source":"Embedded","id":"/providers/Microsoft.PowerApps/apis/shared_office365","tier":"NotSpecified"},"shared_teams":{"connectionName":"shared-teams-4a76616d-8bab-47d4-8641-813252ef7a96","source":"Embedded","id":"/providers/Microsoft.PowerApps/apis/shared_teams","tier":"NotSpecified"}},"flowFailureAlertSubscribed":false,"isManaged":false}}