{"name":"3cfe8cc4-bb3e-49f1-acc8-d08e9116fbfc","id":"/providers/Microsoft.Flow/flows/3cfe8cc4-bb3e-49f1-acc8-d08e9116fbfc","type":"Microsoft.Flow/flows","properties":{"apiId":"/providers/Microsoft.PowerApps/apis/shared_logicflows","displayName":"Opdracht module 2 - Excel","definition":{"metadata":{"workflowEntityId":null,"processAdvisorMetadata":null,"flowclientsuspensionreason":"None","flowclientsuspensiontime":null,"creator":{"id":"a50359f1-3632-48ec-8ff5-e47d273e2735","type":"User","tenantId":"5cbb8887-8040-410b-acc3-b2beec28f71d"},"provisioningMethod":"FromDefinition","failureAlertSubscription":true,"clientLastModifiedTime":"2022-07-05T08:10:46.5122382Z"},"$schema":"https://schema.management.azure.com/providers/Microsoft.Logic/schemas/2016-06-01/workflowdefinition.json#","contentVersion":"1.0.0.0","parameters":{"$connections":{"defaultValue":{},"type":"Object"},"$authentication":{"defaultValue":{},"type":"SecureObject"}},"triggers":{"manual":{"metadata":{"operationMetadataId":"d4c63f12-379c-4492-ae1e-5f190770d1b5"},"type":"Request","kind":"Button","inputs":{"schema":{"type":"object","properties":{},"required":[]}}}},"actions":{"List_rows_present_in_a_table":{"runAfter":{},"metadata":{"01L336OUNTWB3EHNYSO5HKPOASNSMK5Q5Y":"/Activiteiten.xlsx","operationMetadataId":"9008c278-cbc8-4a74-a409-ba632fe9d636"},"type":"OpenApiConnection","inputs":{"host":{"apiId":"/providers/Microsoft.PowerApps/apis/shared_excelonlinebusiness","connectionName":"shared_excelonlinebusiness","operationId":"GetItems"},"parameters":{"source":"me","drive":"b!kZjRST_rFUiC9M-q29DcWkgFBLIsZE5AoP_sngs_Ry6L2OkndQpLQpsFBg08G663","file":"01L336OUNTWB3EHNYSO5HKPOASNSMK5Q5Y","table":"{B49BEC23-BA50-4218-96FB-ACF728243536}"},"authentication":{"value":"@json(decodeBase64(triggerOutputs().headers['X-MS-APIM-Tokens']))['$ConnectionKey']","type":"Raw"}}},"Apply_to_each":{"foreach":"@outputs('List_rows_present_in_a_table')?['body/value']","actions":{"Create_event_(V4)":{"runAfter":{},"metadata":{"operationMetadataId":"f67d66e2-a712-4c5e-a7d8-5df665dd1656"},"type":"OpenApiConnection","inputs":{"host":{"apiId":"/providers/Microsoft.PowerApps/apis/shared_office365","connectionName":"shared_office365","operationId":"V4CalendarPostItem"},"parameters":{"table":"AAMkADA4NTA1MDAxLWQyODctNGIxMS05ZWIzLTNlY2M0OTgzY2QwYwBGAAAAAADESRzIRH_RQo0riRV1LL-eBwD9TZHz2KxZS4QsFk6cq5FUAAAAAAEGAAD9TZHz2KxZS4QsFk6cq5FUAAAAAEHyAAA=","item/subject":"@items('Apply_to_each')?['titel']","item/start":"@items('Apply_to_each')?['startdatum']","item/end":"@items('Apply_to_each')?['einddatum']","item/timeZone":"(UTC+01:00) Amsterdam, Berlin, Bern, Rome, Stockholm, Vienna","item/body":"<p>@{items('Apply_to_each')?['omschrijving']}</p>"},"authentication":{"value":"@json(decodeBase64(triggerOutputs().headers['X-MS-APIM-Tokens']))['$ConnectionKey']","type":"Raw"}}}},"runAfter":{"List_rows_present_in_a_table":["Succeeded"]},"metadata":{"operationMetadataId":"395ef79e-c859-46dd-866e-29349b14e558"},"type":"Foreach"}}},"connectionReferences":{"shared_excelonlinebusiness":{"connectionName":"shared-excelonlinebu-a87b6ecd-82ff-45cb-a6f8-6d17c9ca2bd7","source":"Invoker","id":"/providers/Microsoft.PowerApps/apis/shared_excelonlinebusiness","tier":"NotSpecified"},"shared_office365":{"connectionName":"shared-office365-53e3ccb0-0511-4742-bc75-c2cc2d82e887","source":"Invoker","id":"/providers/Microsoft.PowerApps/apis/shared_office365","tier":"NotSpecified"}},"flowFailureAlertSubscribed":false,"isManaged":false}}