{"name":"83724093-d409-4d13-b5bb-23532c1b3c98","id":"/providers/Microsoft.Flow/flows/83724093-d409-4d13-b5bb-23532c1b3c98","type":"Microsoft.Flow/flows","properties":{"apiId":"/providers/Microsoft.PowerApps/apis/shared_logicflows","displayName":"Opdracht module 2 - Notificatie","definition":{"metadata":{"workflowEntityId":null,"processAdvisorMetadata":null,"flowclientsuspensionreason":"None","flowclientsuspensiontime":null,"creator":{"id":"a50359f1-3632-48ec-8ff5-e47d273e2735","type":"User","tenantId":"5cbb8887-8040-410b-acc3-b2beec28f71d"},"provisioningMethod":"FromDefinition","failureAlertSubscription":true,"clientLastModifiedTime":"2022-07-05T08:18:32.5821014Z"},"$schema":"https://schema.management.azure.com/providers/Microsoft.Logic/schemas/2016-06-01/workflowdefinition.json#","contentVersion":"1.0.0.0","parameters":{"$connections":{"defaultValue":{},"type":"Object"},"$authentication":{"defaultValue":{},"type":"SecureObject"}},"triggers":{"Recurrence":{"recurrence":{"frequency":"Month","interval":1},"metadata":{"operationMetadataId":"945d66fa-452a-47e2-bdaf-2fe02c7344eb"},"type":"Recurrence"}},"actions":{"Send_me_a_mobile_notification":{"runAfter":{},"metadata":{"operationMetadataId":"cc611b29-ebc4-4a86-9ea3-a0b4752dd2be"},"type":"OpenApiConnection","inputs":{"host":{"apiId":"/providers/Microsoft.PowerApps/apis/shared_flowpush","connectionName":"shared_flowpush","operationId":"SendNotification"},"parameters":{"NotificationDefinition/notificationText":"Herinnering: administratie doen!","NotificationDefinition/notificationLink/uri":"https://www.stijnjanssen.nl","NotificationDefinition/notificationLink/label":"En een nuttige website bij deze ;)"},"authentication":"@parameters('$authentication')"}}},"outputs":{}},"connectionReferences":{"shared_flowpush":{"connectionName":"shared-flowpush-b896670c-0636-488e-91fc-80d795bcbc11","source":"Embedded","id":"/providers/Microsoft.PowerApps/apis/shared_flowpush","tier":"NotSpecified"}},"flowFailureAlertSubscribed":false,"isManaged":false}}