{
  "properties": {
    "connectionReferences": {
      "shared_commondataserviceforapps": {
        "runtimeSource": "embedded",
        "connection": {
          "connectionReferenceLogicalName": "lh_sharedcommondataserviceforapps_fc835"
        },
        "api": {
          "name": "shared_commondataserviceforapps"
        }
      },
      "shared_office365": {
        "runtimeSource": "invoker",
        "connection": {
          "connectionReferenceLogicalName": "stj_sharedoffice365_34d4e"
        },
        "api": {
          "name": "shared_office365"
        }
      },
      "shared_approvals": {
        "runtimeSource": "invoker",
        "connection": {
          "connectionReferenceLogicalName": "new_sharedapprovals_5f52e"
        },
        "api": {
          "name": "shared_approvals"
        }
      }
    },
    "definition": {
      "$schema": "https://schema.management.azure.com/providers/Microsoft.Logic/schemas/2016-06-01/workflowdefinition.json#",
      "contentVersion": "1.0.0.0",
      "parameters": {
        "$connections": {
          "defaultValue": {},
          "type": "Object"
        },
        "$authentication": {
          "defaultValue": {},
          "type": "SecureObject"
        }
      },
      "triggers": {
        "manual": {
          "metadata": {
            "operationMetadataId": "5c7dfcbc-1606-46cd-a9bd-67451044d861"
          },
          "type": "Request",
          "kind": "PowerApp",
          "inputs": {
            "schema": {
              "type": "object",
              "properties": {},
              "required": []
            }
          }
        }
      },
      "actions": {
        "Is_vervroegd_ophalen_mogelijk": {
          "actions": {
            "Resultaat_antwoord_huisarts_checken": {
              "actions": {
                "Wijzig_vervroegdHerhaald_naar_'true'": {
                  "runAfter": {},
                  "metadata": {
                    "operationMetadataId": "76a6f76b-f544-41f7-b68a-065e79c3113e"
                  },
                  "type": "OpenApiConnection",
                  "inputs": {
                    "host": {
                      "connectionName": "shared_commondataserviceforapps",
                      "operationId": "UpdateRecord",
                      "apiId": "/providers/Microsoft.PowerApps/apis/shared_commondataserviceforapps"
                    },
                    "parameters": {
                      "entityName": "zorg_recepts",
                      "recordId": "@triggerBody()['Sendmeanemailnotification_Subject']",
                      "item/zorg_vervroegdherhaald": true
                    },
                    "authentication": {
                      "type": "Raw",
                      "value": "@json(decodeBase64(triggerOutputs().headers['X-MS-APIM-Tokens']))['$ConnectionKey']"
                    }
                  }
                },
                "E-mail_naar_klant_en_apotheek": {
                  "runAfter": {
                    "Apotheek_ophalen": [
                      "Succeeded"
                    ]
                  },
                  "metadata": {
                    "operationMetadataId": "85701034-d356-4256-86b3-37920e1b9a04"
                  },
                  "type": "OpenApiConnection",
                  "inputs": {
                    "host": {
                      "connectionName": "shared_office365",
                      "operationId": "SendEmailV2",
                      "apiId": "/providers/Microsoft.PowerApps/apis/shared_office365"
                    },
                    "parameters": {
                      "emailMessage/To": "info@stijnjanssen.nl;@{outputs('Apotheek_ophalen')?['body/zorg_email']}",
                      "emailMessage/Subject": "Vervroegd herhaald recept is akkoord",
                      "emailMessage/Body": "<p>Van de huisarts dus..</p>",
                      "emailMessage/Importance": "Normal"
                    },
                    "authentication": {
                      "type": "Raw",
                      "value": "@json(decodeBase64(triggerOutputs().headers['X-MS-APIM-Tokens']))['$ConnectionKey']"
                    }
                  }
                },
                "Apotheek_ophalen": {
                  "runAfter": {
                    "Wijzig_vervroegdHerhaald_naar_'true'": [
                      "Succeeded"
                    ]
                  },
                  "metadata": {
                    "operationMetadataId": "62c9d671-2b4c-4e46-b9b9-97db0ee6d443"
                  },
                  "type": "OpenApiConnection",
                  "inputs": {
                    "host": {
                      "connectionName": "shared_commondataserviceforapps",
                      "operationId": "GetItem",
                      "apiId": "/providers/Microsoft.PowerApps/apis/shared_commondataserviceforapps"
                    },
                    "parameters": {
                      "entityName": "zorg_apotheeks",
                      "recordId": "@outputs('Huisarts_ophalen')?['body/_zorg_apotheek_value']"
                    },
                    "authentication": {
                      "type": "Raw",
                      "value": "@json(decodeBase64(triggerOutputs().headers['X-MS-APIM-Tokens']))['$ConnectionKey']"
                    }
                  }
                }
              },
              "runAfter": {
                "Check_naar_huisarts_sturen": [
                  "Succeeded"
                ]
              },
              "expression": {
                "equals": [
                  "@outputs('Check_naar_huisarts_sturen')?['body/outcome']",
                  "Approve"
                ]
              },
              "metadata": {
                "operationMetadataId": "f0aed7c3-b66a-4295-a048-664f3b0d130c"
              },
              "type": "If"
            },
            "Huisarts_ophalen": {
              "runAfter": {},
              "metadata": {
                "operationMetadataId": "b1cda714-1df6-4d6a-897a-a17443a6a3d8"
              },
              "type": "OpenApiConnection",
              "inputs": {
                "host": {
                  "connectionName": "shared_commondataserviceforapps",
                  "operationId": "GetItem",
                  "apiId": "/providers/Microsoft.PowerApps/apis/shared_commondataserviceforapps"
                },
                "parameters": {
                  "entityName": "zorg_huisartses",
                  "recordId": "@outputs('Klant_ophalen')?['body/_zorg_huisarts_value']"
                },
                "authentication": {
                  "type": "Raw",
                  "value": "@json(decodeBase64(triggerOutputs().headers['X-MS-APIM-Tokens']))['$ConnectionKey']"
                }
              }
            },
            "Check_naar_huisarts_sturen": {
              "runAfter": {
                "Huisarts_ophalen": [
                  "Succeeded"
                ]
              },
              "metadata": {
                "operationMetadataId": "7deea1f0-2674-47a1-a14a-98a6d8089396"
              },
              "type": "OpenApiConnectionWebhook",
              "inputs": {
                "host": {
                  "connectionName": "shared_approvals",
                  "operationId": "StartAndWaitForAnApproval",
                  "apiId": "/providers/Microsoft.PowerApps/apis/shared_approvals"
                },
                "parameters": {
                  "approvalType": "BasicAwaitAll",
                  "WebhookApprovalCreationInput/title": "Is deze receptaanvraag oké?",
                  "WebhookApprovalCreationInput/assignedTo": "@{outputs('Huisarts_ophalen')?['body/zorg_email']};",
                  "WebhookApprovalCreationInput/details": "Klant: @{outputs('Klant_ophalen')?['body/zorg_naam']} \nMedicijn: @{outputs('Medicijn_ophalen')?['body/zorg_naam']}\nAantal herhalingen: @{outputs('Recept_ophalen')?['body/zorg_aantalherhalingen']} met interval: @{outputs('Recept_ophalen')?['body/zorg_herhaalinterval']}",
                  "WebhookApprovalCreationInput/enableNotifications": true,
                  "WebhookApprovalCreationInput/enableReassignment": true
                },
                "authentication": {
                  "type": "Raw",
                  "value": "@json(decodeBase64(triggerOutputs().headers['X-MS-APIM-Tokens']))['$ConnectionKey']"
                }
              }
            }
          },
          "runAfter": {
            "Medicijn_ophalen": [
              "Succeeded"
            ]
          },
          "else": {
            "actions": {
              "Send_an_email_(V2)": {
                "runAfter": {},
                "metadata": {
                  "operationMetadataId": "4e469671-a06c-4b3a-b3c6-3d71b1d812a5"
                },
                "type": "OpenApiConnection",
                "inputs": {
                  "host": {
                    "connectionName": "shared_office365",
                    "operationId": "SendEmailV2",
                    "apiId": "/providers/Microsoft.PowerApps/apis/shared_office365"
                  },
                  "parameters": {
                    "emailMessage/To": "info@stijnjanssen.nl",
                    "emailMessage/Subject": "Was gewoon al akkoord vanuit huisarts",
                    "emailMessage/Body": "<p>Helemaal prima<br>\n</p>",
                    "emailMessage/Importance": "Normal"
                  },
                  "authentication": {
                    "type": "Raw",
                    "value": "@json(decodeBase64(triggerOutputs().headers['X-MS-APIM-Tokens']))['$ConnectionKey']"
                  }
                }
              }
            }
          },
          "expression": {
            "equals": [
              "@outputs('Recept_ophalen')?['body/zorg_vervroegdherhaald']",
              false
            ]
          },
          "metadata": {
            "operationMetadataId": "ae02abe0-ed79-4773-b93c-952cff55cabf"
          },
          "type": "If"
        },
        "Recept_ophalen": {
          "runAfter": {},
          "metadata": {
            "operationMetadataId": "cf928220-3d03-4191-a5f6-8b2706978021"
          },
          "type": "OpenApiConnection",
          "inputs": {
            "host": {
              "connectionName": "shared_commondataserviceforapps",
              "operationId": "GetItem",
              "apiId": "/providers/Microsoft.PowerApps/apis/shared_commondataserviceforapps"
            },
            "parameters": {
              "entityName": "zorg_recepts",
              "recordId": "@triggerBody()['Sendmeanemailnotification_Subject']"
            },
            "authentication": {
              "type": "Raw",
              "value": "@json(decodeBase64(triggerOutputs().headers['X-MS-APIM-Tokens']))['$ConnectionKey']"
            }
          }
        },
        "Aantal_herhalingen_van_recept_verlagen_met_1": {
          "runAfter": {
            "Is_vervroegd_ophalen_mogelijk": [
              "Succeeded"
            ]
          },
          "metadata": {
            "operationMetadataId": "fe390ce6-6220-49ad-8b77-3cd028cb9c95"
          },
          "type": "OpenApiConnection",
          "inputs": {
            "host": {
              "connectionName": "shared_commondataserviceforapps",
              "operationId": "UpdateRecord",
              "apiId": "/providers/Microsoft.PowerApps/apis/shared_commondataserviceforapps"
            },
            "parameters": {
              "entityName": "zorg_recepts",
              "recordId": "@outputs('Recept_ophalen')?['body/zorg_receptid']",
              "item/zorg_aantalherhalingen": "@sub(outputs('Recept_ophalen')?['body/zorg_aantalherhalingen'], 1)"
            },
            "authentication": {
              "type": "Raw",
              "value": "@json(decodeBase64(triggerOutputs().headers['X-MS-APIM-Tokens']))['$ConnectionKey']"
            }
          }
        },
        "Klant_ophalen": {
          "runAfter": {
            "Recept_ophalen": [
              "Succeeded"
            ]
          },
          "metadata": {
            "operationMetadataId": "7c395ec1-0e43-4230-9e12-0875cee54940"
          },
          "type": "OpenApiConnection",
          "inputs": {
            "host": {
              "connectionName": "shared_commondataserviceforapps",
              "operationId": "GetItem",
              "apiId": "/providers/Microsoft.PowerApps/apis/shared_commondataserviceforapps"
            },
            "parameters": {
              "entityName": "zorg_klants",
              "recordId": "@outputs('Recept_ophalen')?['body/_zorg_klant_value']"
            },
            "authentication": {
              "type": "Raw",
              "value": "@json(decodeBase64(triggerOutputs().headers['X-MS-APIM-Tokens']))['$ConnectionKey']"
            }
          }
        },
        "Medicijn_ophalen": {
          "runAfter": {
            "Klant_ophalen": [
              "Succeeded"
            ]
          },
          "metadata": {
            "operationMetadataId": "e580a28e-eddb-4485-831b-211d71bf103c"
          },
          "type": "OpenApiConnection",
          "inputs": {
            "host": {
              "connectionName": "shared_commondataserviceforapps",
              "operationId": "GetItem",
              "apiId": "/providers/Microsoft.PowerApps/apis/shared_commondataserviceforapps"
            },
            "parameters": {
              "entityName": "zorg_medicijns",
              "recordId": "@outputs('Recept_ophalen')?['body/_zorg_medicijn_value']"
            },
            "authentication": {
              "type": "Raw",
              "value": "@json(decodeBase64(triggerOutputs().headers['X-MS-APIM-Tokens']))['$ConnectionKey']"
            }
          }
        }
      }
    },
    "templateName": ""
  },
  "schemaVersion": "1.0.0.0"
}